0,-0.037161994932814024,9.55568897145062,-110.41147563602182
1,-2.499741959620447,-68.005587745305,-210.68155740484906
2,101.45113329116516,-23.81061813212392,-234.68026145901416
3,86.62991685971035,-70.71626465526688,-310.34864239132196
4,80.5321283461339,-61.19604433151146,-301.2266060591477
5,98.6769470742965,-63.22015663697299,-230.11478845703132
6,15.137178795065514,-82.81174169580481,-177.08695535720915
7,65.4138325110957,-72.68722793561523,-281.45576735252143
8,-5.278102653966137,-114.23118670723262,-267.9693586260749
9,-32.37829694840207,-62.94706223608742,-270.9363672685252
10,44.464296601140774,-24.69767858111058,-229.45650875220622
11,14.59824925728898,-31.14433460473827,-235.9060122656951
12,7.7301071084821675,-60.187645875813296,-210.194682361803
13,40.84733647002273,-105.46415978282997,-226.41985191856168
14,57.62816014809464,-78.46778527195544,-170.32589948706556
15,57.10957039484618,-154.02090942058112,-252.82520961456686
16,39.31060514785105,-33.22004618340401,-265.2981724838708
17,-85.9358165926004,-13.65049397462768,-250.1361857296399
18,8.871661007700427,-153.22362843142764,-254.92402963835698
19,3.409391689793202,-174.93120264085584,-278.48701278937983
20,-22.60579992715745,-162.17755865449757,-236.73807596708596
21,-1.6056493530492608,-69.84065426804024,-230.1300935961307
22,-38.012461675589016,-96.1820608142784,-274.63933763229977
23,-21.331433787139556,-173.23931312914758,-259.39663616489656
24,-74.41387508096128,-82.94123444452005,-286.89878304241586
25,8.109212462998801,-41.62348179892089,-179.5887405689835
26,-31.942721522062808,-125.50408324584654,-145.8160366817139
27,-36.944179900744444,-134.9805980162334,-239.0283248461516
28,-36.47449773669236,-62.09548870599885,-224.1764083364583
29,-123.79000184088596,-21.60514191635611,-286.5978511792057
30,-85.46963433051056,-38.97100854746107,-284.75979780236395
31,-71.10420768417147,-50.91480265118141,-158.5064303802108
32,-81.67222840439555,-59.48300984835975,-286.40250357793497
33,-77.79960554472898,53.63648263029827,-229.59763760910698
34,-110.97143644845241,41.68781405128333,-203.85520414334843
35,-107.26895931200484,-20.905769706859086,-280.33863034058464
36,-1.6139153586714763,-4.585008746409909,-234.02727258254157
37,14.504127935217461,19.906879545685584,-247.1892719729258
38,-62.45307675564047,41.05342164262622,-215.25723063220542
39,-89.43139821723032,29.30979505433453,-237.70206411731996
40,-87.35487572696287,-39.2890425670101,-148.97229725497533
41,-129.45903546901033,62.83222445431118,-128.8761447326922
42,-129.68947683693938,5.94610695919574,-232.3915221885181
43,-57.33927359574226,83.84634135665938,-235.63199312187203
44,-75.41941314703935,-4.551760065825705,-252.32661317567985
45,-22.010856580994577,120.045585637423,-204.7031665270889
46,-127.36428456700885,36.7574015133933,-219.12027677241636
47,-125.18419807858619,41.12672051868355,-249.07782692826095
48,-101.82157587976917,105.25924275420215,-223.45107306537804
49,-21.758116155790685,4.318144362191106,-214.31022775058918
50,-134.37830858439705,76.25672333779238,-261.14090667969924
51,-80.50555600672685,84.1471703808989,-237.81573594913274
52,-98.69574870341613,62.621608582830454,-281.6172445439873
53,-66.16997026891052,116.2371441646774,-216.3880970156132
54,-28.020571944258627,125.28228834296597,-245.6119083886892
55,-84.31831595688568,84.9551692618073,-168.29864617321883
56,6.669788086418528,103.5563283633565,-101.07230656993376
57,13.784400745329934,91.14941546150263,-186.29333980148456
58,46.32721716652674,87.74393177702028,-96.21473980262316
59,-132.7864901758358,99.62826825749463,-225.09018374616792
60,-38.91346267293615,127.61106651149571,-23.98039166534963
61,-45.82730022195952,88.24743007055798,-91.8366541240444
62,113.35473909407153,56.53790077507923,-180.1909248371303
63,-113.14850078773681,148.66248666033965,-238.74897275293193
64,62.56944879868824,50.6515268925857,-162.4845583230223
65,23.38750437694611,54.42582678754305,-175.66063332429442
66,61.16915286320075,143.99482851143483,-220.3284238446528
67,-20.18412640210183,157.34459048887032,-163.6698762220454
68,-10.04694565937885,89.47184096718827,-190.87377382850866
69,-13.554655033602991,208.38226967793773,-128.29418815513355
70,32.90721934449686,149.49939490899916,-195.8675607118298
71,27.99006243870611,54.374383209268025,-148.57350189327647
72,5.966925149768074,146.93967308503034,-259.28933168454836
73,35.634975785161735,180.9476172213047,-261.6539041320156
74,-29.428524653939203,131.30976583815507,-299.04171924456966
75,52.85243176936031,115.30033983262116,-304.66024953317395
76,64.55165282166564,30.110254304715056,-256.00797606495934
77,115.87529008568455,98.01434520997262,-291.46783590760833
78,90.87263899487894,99.78942308516065,-281.43506059052976
79,72.54336512612633,131.22550324911785,-269.8965041667858
80,41.020618336835014,109.1961096066008,-305.13059995899846
81,92.64524568691245,67.68361302913088,-218.55798852841755
82,66.11277102654495,96.58364793419922,-314.08315244302565
83,106.39832681314144,32.640220716376234,-332.7014907636695
84,57.565661726641785,98.75562498195242,-315.85663758942303
85,123.79940042406544,71.92746500664711,-291.06396799142095
86,109.75508134865207,112.49535278143738,-343.372302463579
87,143.00423988140346,22.496650354585313,-284.7367002210521
88,114.4610206159471,46.73297062500018,-228.2614686741463
89,147.09339799408525,12.442006850837775,-283.0159373212798
90,46.98897542601757,-16.95760583875548,-213.57181276141787
91,136.20795384273043,-43.79219520904507,-305.9652028094185
92,93.4855921232149,-57.0764208490732,-283.65764885601214
93,142.59739866737578,-101.73422450059294,-308.9271475723976
94,79.07449437677259,-28.17145695495207,-279.8283730501494
95,67.27579678277351,-54.78865286366811,-238.38508721563377
96,165.24042287347265,-90.33339580056251,-223.16746101732602
97,142.15616806543508,-98.61820447649333,-173.06480149886715
98,96.56740362399016,-20.627565235834748,-151.6894233808194
99,51.140032724232015,-111.8964811357392,-168.95209885101463
100,156.4629249089376,-32.730486260310066,-178.61930508717393
101,138.71042016950767,-90.30184722370436,-183.92130613682625
102,142.54592809947408,-100.84288670251395,-237.68371361824313
103,145.19391543097282,-100.5945115078216,-233.28504856693888
104,109.86282694168538,-74.6134936580917,-170.01352160097855
105,87.62695745703414,-10.595179043296765,-208.87228492287196
106,50.013501296397926,-162.02108405555416,-192.51431981955253
107,116.10654617100613,-194.3217107831019,-282.5910681973548
108,119.63643858100536,-163.87311538477692,-266.3439005605483
109,120.56467317626304,-195.78342444196713,-292.03002183765545
110,116.44016269253935,-155.173529862507,-212.46006653573602
111,25.751335469855274,-212.70406407718812,-218.62936049376108
112,61.90600381299369,-163.63983359246416,-156.35508869786742
113,68.81331790254434,-146.46017625010072,-95.70757189886893
114,69.45798064986877,-184.11046927890024,-107.46054679061939
115,-30.955578166329932,-134.02974591093428,-131.15967708718546
116,109.45136548989413,-63.30539914158893,-168.50707054970678
117,77.58997940717458,-179.38220220506108,-147.70266320250394
118,18.530744110402445,-190.9105001342591,-68.17258918340342
119,18.060365184108704,-197.05332321244202,-195.1609740716373
120,2.196160856994573,-189.73438703163941,-232.36013335636957
121,31.746752327362714,-201.9927781792721,-243.65558260449419
122,-18.078539356469687,-146.13549266291378,-188.42385375657588
123,-25.280379880453655,-212.57208204686725,-285.6246026072485
124,-49.956408725627504,-220.36369924215626,-253.5918404714854
125,19.343693555688862,-184.09711523995531,-288.3258764858543
126,-48.86217769635185,-46.880274861837705,-191.77206990264537
127,-60.778189347685725,-196.7823774099513,-259.5432300108295
128,-96.38406974256877,-104.8615371383807,-162.30019279889478
129,-78.73328903608957,-134.0298603665454,-167.88316871127148
130,-23.634345701088236,-140.79174148678524,-74.26558161257448
131,-94.57520582583784,-109.93466198336931,-195.31357996371491
132,-72.48724699550566,-150.71078377936433,-135.50822050689393
133,-43.17607811179698,-110.4862054155845,-128.40375302316593
134,-88.76638111281956,-101.23977165847135,-66.25330753134423
135,-105.1688561389183,-71.91539307069475,-103.50814037048397
136,-72.53210398698606,-147.17685488321897,-74.15700684136608
137,-65.45246752059262,-62.727104527663855,-44.48083146100769
138,0.5970211961252546,-79.79621184537189,-98.07372298725963
139,-27.425553200203012,-90.83741065857922,-111.84173657031222
140,21.454555195634548,-69.71299427158652,-116.5389004413016
141,-56.246445740918375,-38.89810338534306,-90.00758942588453
142,-135.25199319224893,-59.96461406558272,-189.88946541858
143,-159.05282416988575,-77.44377187297468,-160.14647317057504
144,-76.10692810363524,-14.153419921115162,-151.6591956701209
145,-61.08458852899715,-9.717965275413379,-168.9856025002766
146,-59.40866880272676,-12.436458163831936,-171.71019897993835
147,-132.12949630750546,19.796487720350434,-186.19600489883385
148,-62.614266115868546,-55.39720019539461,-154.9725135287359
149,-73.96073313561602,-55.076987368690205,-173.41305136665778
150,-62.720266368656745,45.781464040985675,-195.48801306147064
151,-68.37612397555944,22.250766837749563,-155.73477386781028
152,-89.31348327042396,56.953559184875246,-170.71026002650171
153,-107.0712793074367,1.690168564646457,-148.09099868715697
154,-96.54806384665929,-81.16071596138767,-106.96221947231923
155,-92.97961472508582,-10.050510793638132,-97.71567499586043
156,-185.7404446231065,-1.4351635791739685,-102.01443813610949
157,-68.45244761001013,-59.13607169216974,-169.4891662760171
158,-147.0318080358996,15.706555211071779,-110.03048956271485
159,-210.4562634763787,-19.33598392710557,-155.1076036251808
160,-26.754946308390416,-58.27158596896071,-128.07520904241088
161,-174.22109680161415,41.637557525160936,-140.9137253185947
162,-148.57037352823582,77.77342613884706,-195.3741397448467
163,-136.72675329083918,102.85025504626132,-219.3933998815989
164,-65.92413057336155,27.527528786696937,-120.057450894029
165,-170.43409979569523,35.28358795240707,-181.29605624468334
166,-9.625133079744353,-3.3917935605377294,-166.95030842760252
167,-110.9195077285656,104.66421566993044,-98.02494994684788
168,-48.77513018974921,99.43405349262676,-99.90230883053452
169,-145.5728701336888,119.7556277152747,-74.13979086701247
170,-113.21233917648773,38.09050326306543,-31.104894285111808
171,-89.42354855772582,132.97601485329346,2.383883692530587
172,-79.69051335679164,121.9180777593108,29.237781303616543
173,-102.71886179701421,142.67648823605052,40.647803290361104
174,-132.27316415886347,105.69706643192502,-57.65409976022094
175,-31.60262508602992,113.72146504482969,-41.59575640575906
176,-52.95482775417357,167.17677627685745,-56.45150521478834
177,-29.773210563969325,162.61456203460511,-40.43223495945304
178,17.96237148291335,162.89780649478018,-102.16759120150458
179,-50.98302653326723,152.8904906639277,-135.55859506437477
180,11.492452465828736,71.35143658512295,-117.21911606487816
181,-34.901389678109105,124.20266639196502,-166.1033477615086
182,-31.929999134034336,105.16375488277853,-197.99849078452695
183,-77.99351190156648,149.55246219173785,-178.06280288735695
184,-88.88566285367496,93.87997184605183,-188.9099275948712
185,60.3463231417685,81.49400750717746,-197.1685989801433
186,-14.601176133531048,126.39317169500994,-167.85382677014454
187,58.344775649962976,64.03985157450934,-216.78214383521563
188,35.19923046291179,117.08811374430776,-161.76505329208845
189,132.82938219429863,67.6999558465578,-201.16084540183272
190,3.4976413050609536,82.1892103472284,-284.4041728581577
191,-18.092453877515084,-20.78971648811746,-248.25078838494792
192,43.9971591137965,47.80483563504921,-284.64807580138256
193,92.94816669804942,-27.953465632335345,-166.5236841154814
194,110.11744241139806,27.28522860173396,-198.9828620553281
195,58.11030185476536,-28.5935050635925,-226.03603214257922
196,50.49653851424396,30.697783577636176,-221.41644599958997
197,6.966164822735257,6.12114365424738,-212.82018123671722
198,122.06056841900205,37.843383245391635,-258.85658861239443
199,66.6205002238493,-11.414715604302575,-214.76252872757726
200,40.86579786143202,-86.0106304501669,-118.08151077055055
201,162.15159488355826,-44.82894146549059,-132.63613306214
202,153.36648597065914,-42.107582828974316,-143.8141653537099
203,171.83879683894887,-110.53593403802586,-156.31323383670662
204,56.071409395595836,-57.22874171259135,-186.01365054254302
205,16.071693211336434,-19.689824035359784,-106.44474048646445
206,-54.71015812188276,-76.00624560180393,-153.1016178224312
207,11.097825995210341,-70.539413896484,-170.67477832551498
208,-6.618867132264366,44.50593953975018,-102.66368503981582
209,-85.19624639104983,-63.42247395609558,-82.62157152771053
210,57.59641964345899,-131.2116927868323,-104.84400136355842
211,-29.973657614836227,-48.87517077916113,-116.32403294187284
212,25.698206003115153,-40.70090407104947,-139.64178684620094
213,-22.244976058917334,817.5588950198054,-85.44174281233173
214,-96.82839461437334,-17.82306214420181,-142.87655781135575
215,-8.143191929257876,-36.82294810753898,-159.76426763914742
216,-48.30713054283437,-109.69256176861852,-193.96429026330478
217,-54.24172437487717,-119.69356395970715,-204.87081137219008
218,56.50874545502391,-127.6114823686505,-156.77456514394345
219,-37.205965916146745,-83.57395966616554,-137.71049637444943
220,-27.789310848829192,-150.1946224115109,-188.623063529155
221,-64.86322849794134,-165.12329265849363,-140.2161911034237
222,-18.367100760159936,-136.76853964676297,-187.81326903158785
223,-11.082288998422419,-110.49215877266991,-233.88307568277892
224,-130.16319551850188,-91.17982459382034,-116.36957802678113
225,-116.57333268363138,-71.6442811300179,-181.5658133968786
226,-104.03035006910935,-97.41259417331572,-143.6158186593096
227,-120.49516651132646,-104.28796314698967,-126.87485987983906
228,-67.4946842607038,-24.241558029991577,-98.78301740813023
229,-164.75722726736274,-111.33093277534586,-95.17419002989762
230,-93.19413418099515,-110.69181230096497,-153.23251879505423
231,-100.46242595195159,-114.72829723465398,-166.2857886108894
232,-78.61860352417455,-14.25910607853344,-140.0887832590034
233,-131.94729743090986,-78.0828854073409,-169.98695672957362
234,-33.7553650961703,-44.59933281256772,-196.55094858321553
235,-50.66707679371918,-45.84601973301867,-169.42412385759403
236,-169.0716611362992,2.2018675516396007,-211.12467376203386
237,-196.01115700702735,-19.862972778802842,-210.17404570638695
238,-129.83365373990864,1.1626067292490623,-194.48335663565805
239,-125.95324620580594,-56.89694805146011,-194.1841926667253
240,-181.59734033422103,55.6117194227894,-131.9060096579125
241,-163.43722555240336,69.53678888983423,-104.86198488196061
242,-175.09379149114818,70.66853305677766,-89.76930943244881
243,-124.13296611000565,82.23176046667805,-49.79999666894895
244,-94.71055645734991,118.51887681584566,-68.09128320834459
245,-176.6214342987497,77.29937579191092,-31.114102895578686
246,-157.60220473912148,106.47709090232652,-97.40082538380877
247,-38.611231208408,110.04491068460696,-96.6874849764469
248,-151.48300517762127,127.08831239597284,-97.33812676035247
249,-107.93803206582682,148.3749413610352,-107.48462103504042
250,-92.39104382555885,118.84227879160788,-121.92100427116554
251,33.63293200250027,61.922928221528274,-190.52551490813747
252,-49.77761971120325,121.06713352978264,-152.64859983328736
253,-32.914854167462046,186.5766222225866,-146.69269904749623
254,-103.89724398084228,47.04106683443782,-195.11830465986927
255,-63.17972283625381,109.95196597489831,-169.25910712721063
256,36.45876313556887,-18.17531735147143,-14.893720802911627
257,0.3968863520483055,76.0027958351417,-59.50091394774632
258,27.25552217176193,35.22757767117588,-27.736062342401056
259,49.00686693754171,-27.44287540601761,-20.395406567738696
260,44.049800453996006,16.024420439056165,-78.72537021271552
261,72.9143904718107,50.56328210148875,-48.156155265111444
262,54.471506335383566,22.179650130492547,-43.22395142282452
263,78.2864906093943,-2.231362291039765,-24.511211083009037
264,88.17968565546903,-38.826602995370614,-73.98477742656074
265,74.58000567658982,3.3891791913778926,-73.18509818911924
266,49.193375171650096,4.381241378394701,-95.14821382093807
267,39.156993364019165,-47.20688484559175,-27.055110134781412
268,102.0251457375773,-27.71362314784543,-115.72929867357361
269,41.73907163784256,-52.0924328739014,-59.187712515416735
270,65.55850077266867,-58.84386662055864,-103.8858190563361
271,78.24554608523316,-12.856726747875557,-91.96562725657898
272,87.64725666837091,-19.413048679540154,-34.23661282523132
273,75.94790585921136,-85.00436278627463,-102.11761822907785
274,128.2462902000276,-6.462576093413719,-61.211254372592606
275,151.4609952837614,-28.653398783238824,-68.46248878061711
276,104.56604962570921,-56.67695369640058,-29.40619588250521
277,115.10183677137502,-46.256677207051204,-11.944805401701073
278,119.2709442759873,-15.415519888092884,43.70239778751254
279,42.954011267166706,-30.673726803007664,86.35396696073065
280,114.21839408090156,-69.59980802600737,62.66336606800638
281,121.72531960930914,-4.767037485992257,42.378465522385866
282,107.81392165825854,-59.44771287934421,15.694873632792206
283,27.795086511072334,-99.2933437247367,-21.439778376377838
284,93.71982836489703,-99.20334201877039,39.785711188567724
285,90.80951210529656,-98.26043533285237,-24.735088790998017
286,90.07344407039666,-69.6376374059488,-9.396171767633676
287,83.27236724860965,-160.91551674935053,-72.30288141974901
288,23.507867386282655,-60.38230291846711,89.92133518154198
289,-17.531081911638744,-90.39546371026456,-31.651350484002915
290,59.60613322662274,-77.0813465351404,36.77073837340783
291,71.15651781270152,-112.51982965797148,76.77609440714436
292,-24.45699432168695,-12.315469342093328,49.34597015342569
293,16.59374575413985,-103.06666575315855,75.23884370455369
294,18.458794525787397,-85.03430812455072,118.36289834215351
295,3.9293488788061772,-87.17084373925829,133.05831322848306
296,-27.80772352383307,-17.513832387138866,113.88029944279558
297,-26.88596141497832,-89.66991078294423,160.80236313271703
298,-28.776234918463814,-72.17903718858169,131.35893018074046
299,-30.70530529159888,-57.51501837047619,131.57315316844947
300,-22.140440857371033,-97.93846507972893,118.00465298409664
301,-47.78707764370858,-113.55937846751655,104.68539244668315
302,4.08950994808812,19.240981080898823,37.30903703899787
303,-69.7976112437005,-54.22743960509638,124.1415103918895
304,23.677837605025672,21.452976331426054,95.45003330528074
305,-5.855593166476909,21.155851384359956,66.04656983123321
306,-109.58680018674303,14.530538628119002,122.61962377406607
307,31.1321453652701,0.0864450697942752,76.30172234314819
308,-13.488891276251177,13.3170870076308,70.15144470932404
309,-121.48351043541957,22.423092495058274,121.37797108498148
310,-10.04062734754836,-18.576948857000296,86.40534262534271
311,-41.33803743702141,-5.916309821716336,131.71157381395244
312,19.87433080126425,-13.063285364172243,162.33930648623857
313,31.576612111628755,-9.999526816724387,156.57476406158685
314,-16.450348697705575,45.602567558504596,183.58554045966042
315,-63.17492618295552,36.34438477899064,217.6675215288249
316,-74.61846331820539,44.384837124448,207.61076844204135
317,-76.11681942643824,66.18116528678945,180.67638646142467
318,-92.27855269156404,4.234828948860757,151.5750368074384
319,-108.8406814763214,27.45638390645778,138.87392306809292
320,-88.83588762488792,74.42530604517215,116.04277443840277
321,-53.620582604978786,120.32443203090149,140.02833106946136
322,-24.32674298485715,100.74649351645678,168.5500790312332
323,-28.523198769263743,26.353285839652933,120.03885498802245
324,-1.1811033572305327,107.7862967785162,116.69366123355505
325,-41.301199726903384,112.07588171064005,179.3528555211208
326,-53.536387657122475,92.93985341960484,156.64152005192838
327,-14.814931254856669,93.9888507239977,147.52305254567582
328,27.163165053444953,58.5363191129928,80.32044828903084
329,41.43972269006713,90.20609449163359,163.9299064018093
330,23.256429895514742,91.25525533493163,128.75041470222394
331,40.223718038595514,90.80121142192165,136.1541807500229
332,65.99908560803004,70.09278591201003,140.48672480221688
333,90.3525528657394,62.79338851548372,209.87645658336734
334,81.87212329572797,19.151693908477096,122.39061601466346
335,36.57228716403619,-25.781211191644644,159.54117695177075
336,18.403927350919687,9.609432467843721,228.62771067864134
337,55.510695015407556,-39.102074082033035,210.47378256510055
338,-12.37628446464994,-14.97016493337447,171.08963719446191
339,12.760507397001176,-16.415471605190554,215.73862886154078
340,-25.3828447494265,29.169452555734512,220.44220175641513
341,51.11784462882585,49.51538240109039,268.1392597971778
342,4.710083254979754,17.527337147358093,120.07356591753982
343,83.50284521514958,37.47546489400249,207.46637432909765
344,61.656400973594536,-26.83065486181526,122.56389540622443
345,69.53001042768653,4.239087192728802,178.4274446122366
346,88.08401698978794,-5.1103487256179845,137.42596334225533
347,80.13709434948379,-17.391105735280988,135.40642854275166
348,10.019361577596124,-38.60021077328197,47.48256120355245
349,58.741547742985546,27.599749819662936,209.28150257316452
350,38.253619057401906,-42.15953008398775,197.3241203024851
351,69.67431570972765,-16.308334334280676,234.63277652418796
352,37.68228463742961,33.07115910207452,183.2692127136778
353,27.872778450824327,9.068980986131189,217.3550524813665
354,-0.4322669140398213,6.310528334109919,220.6283398995313
355,13.430579937708723,-16.337271847855472,235.0568723169092
356,49.02540624951642,49.906791309430915,209.2165215252425
357,32.70506390304802,25.985211265371085,227.22944621561535
358,-22.570380973212792,9.489711927812667,321.6422076244992
359,-22.992623554719426,-3.327251555567415,349.05476704921904
360,-4.836635637423562,-12.823477148962398,307.1130056488242
361,-19.792547611133,-17.3141417727237,299.54900654918146
362,-10.815160409278617,-15.098288411088179,270.33451221824544
363,-68.21514615476526,34.00456117764502,142.2531051506534
364,-20.80724905781121,-4.992059126607635,181.94105742372403
365,-1.8847581409687426,-34.4449938867116,174.200733140211
366,4.572660152930079,-40.93132432117258,190.63981848219373
367,56.32265121785465,-46.055101700749255,81.68616690782378
368,-7.397229751718735,-28.283573808151402,205.42542122769467
369,-9.164435130504392,-37.25478116558106,206.5404598678317
370,135.52163151564795,-65.21393672306891,92.49276757702361
371,0.2965935714961106,9.903901192765069,243.56480814984096
372,-30.216914223068184,13.642235687384035,279.0491672696838
373,-7.73582736437105,18.001804761310495,301.3452662746352
374,36.59820440862087,25.245589486273094,242.6862212542589
375,-39.11406099431335,36.71740448569645,294.08826791644
376,-61.772686386809895,63.53125188663468,284.75834856264595
377,1.9640311156743469,17.71996212373957,180.1591134353276
378,30.583096277712137,-36.31202852453964,85.68319003001181
379,-41.43459314361219,71.10610916967748,223.97118974631124
380,-11.101356944025206,52.800082666943815,219.69331962478552
381,23.353854961454868,99.71147835411487,245.06490509364792
382,-12.904619540774632,2.331541290782971,156.336521426973
383,-10.446309467045534,66.25426591187235,253.38433279387633
384,106.38488921712066,-2.1260170009611623,51.9108060353619
385,15.106007927824306,24.17331595482434,154.4637255923064
386,54.059361331459606,40.312228340259516,150.2334539405714
387,74.49187807942835,36.91443020572152,151.25736278194458
388,75.91509379724735,-5.952161272890747,105.18946799826702
389,61.766424507256616,98.42877409479124,149.50719202979957
390,47.19501474400918,9.781272302705844,75.78928226487807
391,56.94315334705156,74.88640557750738,91.80216197479633
392,36.179024386254234,90.05847502811253,77.02302591135611
393,99.27783203817081,88.84553737365819,52.80212381510973
394,112.70557373484017,81.8667717022636,95.75404873438202
395,115.58811737092338,67.78497842693376,58.088245580038574
396,135.46348482987935,51.26096098295272,29.141042343428268
397,126.61314184680705,42.810299960533115,-16.6392471907093
398,99.28090326831119,70.53486762267829,-34.873373528724066
399,84.42651097379968,25.41715112572191,-66.5013745002628
400,55.12840507625431,39.46848151390391,-77.37381697549709
401,84.1872770301539,62.665461964714424,-42.69053070691184
402,52.091054110119906,-8.70666989431351,-0.6458476993186077
403,92.39111863314908,69.27160580526817,-43.891828031082376
404,57.05581420513376,27.26693626220517,-2.699795057801735
405,141.7633985935578,96.15592638370464,-25.34500140843111
406,125.50634758740689,58.6369408533253,-31.50001697143858
407,156.9553964008976,43.35591201664982,-61.52962369087969
408,75.82529732720387,33.82670181554576,-1.512684766401191
409,137.91203788574074,48.2125150692926,-55.84583555038492
410,76.25975130242374,22.850009411644802,-18.600676668800684
411,165.9276379382713,17.21537313177223,-52.4017139932397
412,184.07182577909737,-33.94446999574489,-37.94293865660976
413,145.81503787596085,20.041810133758055,-45.21574464987886
414,152.27311518614235,30.418589038536247,-19.4523142656585
415,136.7008208605336,20.228641183002544,6.061231117434499
416,126.90948972105537,29.36283363760035,-7.791036232452135
417,74.06646898742115,60.40715414994121,73.93171324251924
418,109.35668698688129,-5.77227750652004,69.43583889727944
419,135.07644309175674,-26.306367249409714,66.78635255261348
420,2.9061409973345405,-80.24897015159794,24.914415408509495
421,106.87471273803978,-27.732906890648916,82.82084017627116
422,62.705257058501914,-51.76229878781491,144.4019157108545
423,-81.98299297920681,-2.7065955529592873,77.41751279132173
424,22.84126071003805,-73.33222317282458,99.26665734732325
425,39.10022037126664,-52.73735911089014,125.81700568038059
426,77.75295442913747,-39.513065676517016,71.47409885581092
427,105.57677783631674,-5.12490319863308,52.90948778177997
428,44.87700329068904,-60.170347050607205,23.614779370238306
429,41.36239132175479,-20.641806404144624,11.545572533937994
430,117.47502044812995,-92.52122290321628,-25.523693128189805
431,86.22063108373203,-3.1457343537428146,-52.455948737634024
432,106.18575586811143,-101.8009289791171,-82.34295867975364
433,132.3738406557846,-108.2698488325472,-132.70448173557173
434,120.92422690779289,-67.81508660446188,-59.82552832473196
435,60.82041205164931,-37.836777981552494,-92.08847004187038
436,83.45650478761625,-116.18218518774286,-78.62415617602872
437,130.7053657428453,-149.67150118287043,-169.36052106862414
438,129.26294787331295,-147.16522307852546,-200.76057671754637
439,139.09786157073805,-193.51376613329123,-208.2455046421131
440,121.6060361428819,-212.486836944435,-181.88739101608886
441,118.87361002049,-122.69256369267065,-77.84076081269778
442,93.56103485713015,-127.30946498794734,-110.9181669193305
443,111.71295026357112,-123.97734582199814,-58.167006997958175
444,43.64143128459242,-20.99059965345415,56.74097219333102
445,101.1547348540921,-98.76940530698667,17.54999726059905
446,90.15529592413506,-119.32124943043446,5.327085532413427
447,81.17356314213724,-127.92848197725837,11.112672334963447
448,65.80182421135417,-81.4722169845482,117.79630283646678
449,27.47955683952593,-125.10276730379229,31.653811188695972
450,57.69692005582754,-35.35008617767615,44.38798437267207
451,-19.028720707408134,-161.2871606233272,14.490206455466645
452,69.65095710059528,-123.43337892275181,-25.41652330412062
453,49.35530385891632,-118.8814348314684,-11.276612393957013
454,13.63263566459279,-169.5352341017524,9.791508526363845
455,11.541403823002284,-161.05362131713593,-53.077517977433054
456,-38.1903434790898,-19.3768144757198,65.72897751430786
457,-17.024280219658422,-109.85530413979109,-11.35107071344236
458,-28.847540700650345,-57.5333670035623,-18.521283433054133
459,-38.682407063929176,-138.7085954263145,-106.77806540263275
460,-4.352131524207517,-91.79202865336475,29.098933682704402
461,-28.31605377645348,-81.28287049233514,-19.166916327052174
462,-90.63963209262795,-125.37881251888784,-83.71379878575259
463,-2.1453077417563393,1.3640094482086935,44.702154087879876
464,-98.34421988289226,-15.320783550064899,44.84255699893335
465,-141.2798323176285,-78.53684985065732,-68.94757316729782
466,-122.41032247724485,-134.64285206060572,-79.4906434000825
467,-131.07032008399264,-83.56278535713592,-27.71857437056207
468,-91.8070320284231,-48.48183019661521,29.936495550718227
469,-114.48749925079461,-38.327285781899555,28.480433616250167
470,-106.88588527536015,-62.690077750703914,34.17454642367203
471,-98.28504413086733,-31.7630954952208,170.0470900128047
472,-49.293067785070235,-64.8688688162689,144.78287371488761
473,-155.80845696130353,-152.4904111182947,115.49836801033662
474,-75.9790167128945,-26.09157212773221,169.89704938915264
475,-44.15950457304546,-61.47529547991156,189.91368092090667
476,-20.60127490012353,-13.632833327588328,123.07071342534392
477,2.3450802988325274,-18.885802197842356,203.23930652580594
478,17.4603768827449,-8.193341906508035,133.74525427715812
479,10.546587968604882,-77.62639438973795,106.03884210370269
480,-64.67194903151895,-49.18145185405824,123.91283306811918
481,-61.91602163403847,24.9130665412628,156.69084433864558
482,-98.63952274639908,-6.090920287030308,136.23575326340998
483,-145.53415913588995,-21.402834027859615,83.97898754062227
484,-105.14458145511645,16.484850966669708,177.63566524891013
485,-104.03211490132934,-46.222425073343715,84.73248516334397
486,-90.13994376182698,48.19374482229371,138.54738227338714
487,-103.32373932833188,102.78235374078639,57.10872833865886
488,-124.26831403444687,89.34374055160998,24.13458251817092
489,-85.12305228550092,127.3962122434119,111.42537257374875
490,-98.1518804962176,158.96034774815433,71.3830590454403
491,-82.32321979555863,132.18160184881282,8.833813104550357
492,-64.95253513957284,153.64236492012765,18.09648834808538
493,-0.33567131057472593,80.06207526775043,-7.833724807192362
494,-18.683554765014325,149.17441525083203,27.31798812138421
495,-56.86266629920439,82.14776705333115,31.643370347520285
496,27.252256728676507,-64.40913469859895,-117.31218413549988
497,13.555964042992546,77.43804434182483,143.79040848913064
498,-46.11586526038715,-102.60455769921965,-151.11778950065695
499,-69.67920631461563,82.0985578457411,90.865764375396
500,183.0836434398424,-136.86995635930504,-265.00119701497755
501,101.10616556351867,-140.77137111805945,-204.859491307075
502,132.05462442018248,-125.93509588536001,-261.24587910754684
503,93.33457236616556,-169.97562897365052,-206.7719310834398
504,0.787012789345598,-172.8543898014646,-250.64466101180503
505,69.77479411373439,-199.31233693069382,-234.38286323165144
506,-30.52040248185471,-180.16566298144318,-270.96461899359275
507,51.1621148024416,-108.70922533854137,-178.0508204748785
508,17.878664644599795,-140.7123023729448,-257.03729221806077
509,-8.52335725666192,-103.03401566313663,-282.25798613843256
510,-12.920453425375594,-114.19344038189054,-207.1984817962269
511,34.10543543253434,-135.37945248977837,-277.168321949018
512,-36.235830794741254,23.47255743168114,-211.58150532834608
513,4.311582995539322,-77.07926198797492,-253.62199210734022
514,18.267569514366357,-7.461823785196208,-283.6715228346766
515,-17.155985029868948,-75.56578932729296,-210.28612869689496
516,-8.35884020802745,17.952265775867772,-233.08187219677635
517,56.64899425915591,-42.07598899514245,-252.57831121887637
518,51.64054473174517,-46.269471662725586,-252.27653605050853
519,-73.63928316744315,14.835580488017513,-252.90589049857172
520,65.66536659533251,-73.0602701429306,-210.76520109397933
521,-38.36614222586535,-9.01523757327535,-252.6350723753167
522,-26.938396350087416,-105.06786077579258,-214.4627693958359
523,-3.23122850392079,55.260462409008234,-154.41517899152345
524,46.41125259243809,-29.614611896304435,-211.23986443642733
525,79.23193016360027,-39.28638664191762,-190.59081945538264
526,69.61198824541965,-49.10255005702966,-196.25009171195543
527,129.09845723267188,-11.546209206472064,-258.79451109888936
528,22.954571146018818,-108.32269050646016,-205.89137568840965
529,136.1293074570644,-91.71276980028793,-192.50519009409265
530,52.341013162162234,-41.84570834931847,-184.05270519789002
531,138.89902365501297,-145.4372099763218,-261.33448586822783
532,110.61620199342377,-119.20280013154255,-269.58525380637417
533,71.98502168577436,-160.90974708777074,-286.0981855008475
534,44.77219973095653,-24.870494192060132,-292.29100541105515
535,55.66175439708806,-88.38021750301967,-312.77190815691984
536,2.1936568195891026,-2.752326353882027,-179.9029866682357
537,57.248979905706584,-110.68715737937694,-281.7602859364119
538,-5.459202817695921,-125.3273646082559,-232.07503353885286
539,89.56891290318818,-169.44025280161134,-260.5278688924068
540,-32.00806907295329,-9.16701016629718,-172.19089875125425
541,42.47170508294157,-56.02898120716507,-251.80276512883975
542,-4.132531152330922,-118.7143233609698,-258.6024744476909
543,-56.79213506840846,-162.25145366614456,-298.8789839460799
544,-27.853188386409954,-15.074560080910867,-222.26641725914027
545,-77.19140383717438,-92.76131420867665,-225.3232926096995
546,-122.48816300582776,-51.82630234857205,-237.62163066484644
547,-114.00720701029704,-81.10224042582229,-241.3599724821052
548,22.642432975828477,-19.87827029984914,-259.2454906938713
549,-126.17403062023925,-0.5140062082634095,-238.1050004304548
550,-42.141433880650496,41.81738077267835,-242.98854953187174
551,-108.8425261134866,-59.53218968862031,-287.3544549091386
552,-152.27815536205256,43.2903342398189,-251.54133550130896
553,-97.2827643397826,-33.94722411738631,-191.84286857359845
554,-102.40551088507631,-28.118320955620355,-240.65858497405455
555,-161.25995561678505,28.35377454502939,-213.6194742134232
556,-155.50702021352288,41.970702819431345,-150.2016911643236
557,-171.20428325868542,42.44167866983986,-152.02707798927509
558,-121.76701761626532,69.88849995698294,-151.75091487740167
559,-167.2679345137129,94.67674466523775,-195.1993090498108
560,-88.26624209946922,20.12777212290773,-192.11724648455004
561,-124.33511775113166,49.34235931856371,-242.32837515731288
562,-42.71408692189514,65.98074696725077,-259.904257393661
563,-128.26357673603383,143.40342410366816,-260.22291082010224
564,-153.38697365434803,153.01296100896988,-299.92398971827976
565,-49.36971378506016,179.09357000529775,-279.33258107505674
566,-73.92196758672739,132.18334875387416,-366.39548550661334
567,-22.83613004789029,164.83142777144576,-298.4212518553373
568,60.604121644753135,161.52142107295015,-313.1448158583868
569,48.74848050861985,200.5200697898638,-336.2620942991618
570,109.2405604356489,167.79159916010474,-283.5456385032383
571,96.1282475614621,135.8889523344101,-285.82751975550934
572,123.41188976997309,154.18739199032632,-275.7906039987948
573,178.58174300590235,133.34500406883552,-272.91064526803245
574,110.90136708594873,129.25817342025758,-275.5439096990439
575,94.91372748644598,58.21092833445887,-224.7698216027066
576,128.07732794996826,16.716097804686523,-228.82430040433675
577,163.76151608684958,-3.3693404693772333,-244.17225105565
578,114.49389968266519,2.286981831439904,-192.74088998015716
579,74.16705140046878,79.00640920280927,-161.77979788032803
580,117.12451406445122,-69.35355885682287,-291.9536348997826
581,160.8958063111882,-91.72577102164333,-314.8237903567966
582,79.02891265379074,-40.888903007433356,-244.25464574576037
583,142.29051191520315,-104.9863198740568,-225.26377906596846
584,84.51959239083851,-32.73526366244269,-235.83917075183612
585,84.21850872996713,-122.29984895336719,-172.49058525490528
586,25.34338233439779,-16.429935376687098,-207.6492290212568
587,21.516775940945546,-125.76423802760307,-264.2577356459299
588,10.554514276414748,-97.41560288610204,-153.8706289784969
589,-22.48485781762163,-101.94972826749114,-222.81631840761298
590,27.32098371169744,-44.87358653448317,-240.7884789652936
591,-24.98125320464516,-180.16426194176876,-228.36204827366012
592,-19.762483107887988,-104.81502380754955,-216.75817156635196
593,-96.41802538873559,-163.61601326460337,-258.3530609103645
594,-59.532332068835686,-123.14685850873134,-205.33253140199412
595,-157.75378219542176,-130.05666475450633,-243.118041780472
596,-109.98838483458715,-82.62539491426159,-221.7781809076669
597,-92.6875281092038,-155.43970599157353,-249.34764091404287
598,-120.56419635858495,-18.82135365468282,-209.38143191153412
599,-111.27242728791822,-73.55993380195268,-196.66186349100616
600,-99.6005391547319,-14.731118903578082,-288.5989575681441
601,-111.41528786120509,15.719613857301898,-314.4496828888636
602,-168.53167640750445,-16.960551989283925,-267.2996934634451
603,-155.5552687528313,2.6361513962155096,-322.88911158517675
604,-109.69706393849215,103.36213483478217,-282.4825639869671
605,-135.2107070515083,167.89933864324806,-263.0150558000201
606,-92.39231885612496,26.19529035514778,-215.90923631734321
607,-137.53857089384562,138.99523203645487,-176.55177727535278
608,-12.568881949218703,94.56898678556684,-139.1400858873504
609,-102.76058115635824,58.220502438394234,-174.54244845292294
610,-27.415526694540713,159.9203912326673,-204.71567848876563
611,-56.23603102097007,191.47981486921776,-216.28340365589503
612,-13.138237429061352,98.77522873153352,-180.97268524416342
613,-7.165405314876021,184.2501751871498,-180.09891441741843
614,125.18664881338987,85.41924873902468,-239.35624353498275
615,112.06971506184128,216.72682002780564,-261.41689434689977
616,97.53535222163552,75.62989263585449,-186.71647846952814
617,174.64107954393128,87.52164589429596,-235.06817562008007
618,76.94323977686471,72.02792982356911,-213.6180394773466
619,167.642545666947,27.18623897223841,-231.85261003817877
620,158.71601054413213,79.87787137509264,-270.7954471573391
621,193.0382632326852,51.47771437633627,-249.0622723079187
622,193.40393140002732,25.699502334927335,-218.51689608806717
623,184.4030796690168,5.032772544298461,-182.3833735115136
624,186.19650824302096,0.00018275454864129595,-175.5408096090036
625,192.5512435575147,-42.18464455418394,-212.10517998860058
626,141.776061298967,-58.541319287563645,-181.02339708477788
627,145.23423293480116,-91.53601317617685,-220.10137643201736
628,156.16428696367575,-73.06740215710346,-159.39362918451963
629,66.27636679181431,-96.48381452192243,-202.35000533239494
630,95.9887870341189,-142.7564229717178,-214.1896314353943
631,37.58763968404688,-98.7325248987482,-171.54369018490627
632,11.02622087361167,-69.42377247536834,-197.734943867945
633,44.264030659448075,-177.99346933267296,-219.85714875003475
634,168.61974481048847,-50.751933692563235,-254.37670278714523
635,80.32583737700898,-81.58619296369253,-241.64389731601747
636,64.23258184866663,-228.87726794726592,-264.7450239306033
637,55.094273360593796,-121.07399712604591,-283.1976777133345
638,23.081280450129796,-198.96282764097643,-244.05786544660492
639,-23.20121826347447,-172.76600687294362,-212.91179558526383
640,3.5278573825293837,-156.3843907844599,-166.77903763151582
641,-13.428489913163386,-102.38475122267089,-137.45396044711003
642,-55.910115075967596,-48.25968750190051,-135.41069330254345
643,3.4163860185149755,-130.63722905443586,-151.17988869574697
644,29.091540733282265,-156.002484497599,-147.1854491498194
645,5.902288605694974,-163.99832289473306,-162.28866330474295
646,-63.497794333627574,-76.31923780237706,-84.50346985054439
647,-26.073260981918413,-110.3705928241463,-63.532400363528076
648,-88.08527249537791,-6.993532164528895,-111.78298195870498
649,-85.84784887658441,-108.23409687738604,-122.70890733946779
650,-88.46752447391037,5.714133990386587,-95.33750775225433
651,-125.70987256600094,-7.192839256685603,-105.48392658109631
652,-144.098279903316,-77.13375753270094,-63.410223617131756
653,-185.99886907821022,-34.546035081502296,-83.76586648276717
654,-98.06167110836394,1.2686924305075722,-115.37817545731639
655,-101.23709245986964,97.15522521191582,-115.37603740561794
656,-22.774338542936704,3.472636757218072,-86.34778342808195
657,-73.32267573714095,141.26659970490653,-147.69690957792892
658,-8.711794792171276,82.952221383428,-66.04974920331281
659,-69.65382334210977,161.0780068896949,-175.10550604903486
660,2.047854758676009,29.962721138369215,-101.59435499420047
661,4.0852874621806246,135.7898726647174,-93.84475281350835
662,17.585446306484,120.44696211635473,-109.94221915208858
663,32.81189297766924,106.44524801364439,-158.38015901942833
664,58.64634164367872,57.01731544839468,-110.94174275012419
665,14.11050283937809,64.22956703566962,-150.76042138165508
666,-22.748908256414303,69.15110360721837,-135.53946896095763
667,97.77744413420227,54.853615636367614,-140.354779209225
668,104.28578917796544,125.29600847863614,-141.35823081554682
669,166.16535577388913,98.19216585552853,-154.38476715419768
670,151.6185145385436,61.41253143839894,-167.08044312946058
671,113.9257551425392,-7.620558587014832,-185.973909833819
672,-6.534814157022505,-18.133924864628955,-109.10969859060678
673,67.87455522900882,-52.776895996807404,-113.19971004425062
674,154.15161013088434,-73.57291709936351,-99.14127058140704
675,93.23864744799113,10.98710683766852,-113.61284824736248
676,173.08352216541329,-55.88637036042561,-135.78024299357787
677,144.33178522044054,-88.31502063504654,-117.94561866166592
678,110.23482350295633,-109.59847857146993,-136.0296716784431
679,119.5813914053216,-103.53934411940365,-181.77407249568415
680,-55.1594178595546,-36.76967084323514,-125.81724314211289
681,59.94890732546073,-90.57303926780116,-148.76420339306236
682,-90.28726782973156,-54.3035899134716,-133.45895179501179
683,21.426913213588257,-30.600678439893233,-145.3910653984911
684,-79.24814828893189,49.90187392179988,-111.43984282607676
685,-45.82575506890456,-84.40146752091889,-119.02027619748206
686,-14.383033762768987,-102.84848125859557,-129.49106281618094
687,-43.23181539435164,-69.10001438942908,-87.85561861651514
688,-23.03322727105476,-108.1960257712686,-65.74286713694072
689,-68.56422861311721,-96.26640116919032,-52.35265674176899
690,-95.62819442981449,-73.53771565879404,-69.38389860994016
691,-34.22802275881067,24.84304674619946,-58.31945419682998
692,-138.80773774646323,-65.22612729336825,-24.508319075091332
693,-157.13662885297637,7.098686282899824,34.98498722095565
694,-156.238471556782,36.54976419062716,-51.788834876417106
695,-72.2653445844778,41.11596160392562,-63.70068128244477
696,-171.17300762993577,-2.6473659795054347,-74.63766496709438
697,-91.73488536412836,59.341641439244455,-111.81988860957686
698,-56.88850209902235,24.382026134592085,-135.72736080404874
699,-113.91709500531003,135.44508915018358,-107.01649973048191
700,-43.799308745984554,115.42367642147468,-85.96584146000117
701,-130.32990883498624,130.71486358974437,-123.01661139465467
702,-2.644682569594984,153.76571056148364,-76.55217857526344
703,-113.12495346264797,3.173477726295472,-188.46877915231286
704,-59.29803078618772,49.488045165788726,-69.2414112257966
705,-10.940163180139844,84.15966476528578,-3.587987844247307
706,36.295507177658905,131.4276790164286,13.707624485895003
707,33.23271385149542,111.49297741853279,-43.08362578707413
708,69.11284584056791,0.6126700694496164,-63.713919622343724
709,86.00170313306083,64.88546287352473,-46.501583758193085
710,120.88359908967324,144.26522606693365,-54.76334429521767
711,71.84351042886935,171.83335263396557,-65.90869528977325
712,11.7239999170721,30.827072318245904,-56.313338807248094
713,44.82090213184983,67.27501741540658,-42.58377623106419
714,99.74662201985785,66.20369036741207,-33.27833045898143
715,96.39529707323362,73.61345260513416,-27.58783144787401
716,102.70929676274686,42.67463629908396,-61.160879959994745
717,114.84975860495358,25.816613543631693,-16.95523144529986
718,134.38305117749115,16.95803413114636,-77.81739241395768
719,142.20483510652411,18.173575942773123,-52.87044466118896
720,143.94287231000433,64.68093592301793,-40.044527707431754
721,136.8755071649348,-17.671604719368528,-19.593166038624123
722,128.96936146585273,12.63609439753559,12.932826085934977
723,87.65754312980826,-55.01117073480472,-18.561353306098475
724,-40.96790333417588,-86.86110449383767,-76.69954206892794
725,124.44067548767369,-114.85436554944859,3.34217220396047
726,94.4460910832252,-94.37276360764264,-41.99814451805973
727,49.97801135664696,-3.165640911523073,-107.40706250095988
728,4.459740730429138,-219.28960242935892,-116.9017052460582
729,53.09503113238722,-74.01152082523556,-18.264188341757464
730,45.95520737233361,-66.60214349928783,-59.19289523973249
731,54.39923532520113,-116.22305449237254,-48.27101952755369
732,54.56232630804113,-80.5556546435686,-59.46648811122437
733,54.353078354821434,-110.98882262977048,-89.98125493759245
734,59.88667671676655,-95.72723938409463,-81.9181535870044
735,71.94521457464644,-91.89755488536801,-75.47498330544043
736,-34.280055655229695,-58.54700682817042,-81.63825151981086
737,27.805441970304038,-111.7761834672056,-0.14038478536394952
738,-20.607729682905724,-51.839267976966084,-57.49505437351356
739,-27.71980323437889,-52.209858864149886,-83.11287010906709
740,16.21920980540401,-139.87408697954896,-1.4527072897843523
741,33.223463560317626,-91.01629843029704,-43.906186790879744
742,-17.51784436005511,-172.74111742596227,-83.88879282562648
743,5.987049884300083,-115.49103152441945,-90.5011334084333
744,-92.85011938527605,-116.51499207478231,-53.703912729930025
745,-71.85300690247084,-135.70301885574887,-68.59806920535642
746,-149.9308974580349,-5.962739218702854,-45.73045576336063
747,-111.1507477658119,-102.06919358913456,-73.93871826878404
748,-90.4117482570517,-35.45474019808531,-127.73090826302555
749,-106.51164258633406,-110.30010552662986,-146.6533757932842
750,-136.40680387274872,-82.22086811264994,-172.3339018258101
751,-178.9565272832921,-83.31531969300698,-188.17474068362824
752,-133.11887750195964,-121.5335898554825,-147.46647171398354
753,-152.92529835031846,-13.349849567258657,-205.7007789850507
754,-161.7199999874083,60.23357524367931,-177.0978450889872
755,-158.15182306857085,67.32840112729767,-175.8443906382736
756,-168.61384027894283,98.85855359829903,-171.77683503769302
757,-145.02868780120633,108.00611824512501,-205.69628220671706
758,-97.62996247363508,136.86290971240388,-172.98599114483957
759,-45.91356555133042,57.2575076806035,-163.74919327553633
760,-84.12047846791003,147.12877177003696,-198.54729773376928
761,-44.4734593178196,84.96984175200787,-190.2646470262284
762,-112.10029941673129,70.4221355311686,-210.9250113872014
763,-15.120063554036259,-45.594663494563896,-193.0331094541311
764,15.814975533543926,86.53532894147081,-161.07047845058977
765,-26.40708721490768,20.747072966871567,-176.3873020290184
766,42.13992073504834,145.9887253504928,-169.70055861616996
767,15.49254186418928,136.87650367586625,-196.1830177313231
768,25.134732842925086,-17.649270543136964,-136.2690605298889
769,64.92964852159325,15.019251308468238,-103.40089284625567
770,74.307867551037,6.068857264747808,-197.52510063738725
771,115.9220163954368,10.953281183738088,-204.953786008671
772,46.29431709015459,-6.80987387345089,-158.93218881069657
773,101.03330339535034,3.45631948776284,-211.2927665104566
774,57.10821591054239,-4.807423282022157,-176.73576531428083
775,105.15291313238123,-0.33102517100352075,-180.99976869839864
776,64.4274093326212,-27.37630314681651,-90.20259507504498
777,152.9812275821984,-11.761636350466834,-205.47853591941978
778,104.24221432846349,-25.207217519217124,-162.6050589872511
779,89.78452001113567,-7.944909588712584,-159.8218048100118
780,153.84470833789516,-79.45431797235021,-207.14747595053245
781,158.0664690947848,-62.317008181102004,-290.5963163043507
782,13.801260280936148,-122.5332898197785,-114.01190851119189
783,163.55889326315202,-95.41171854983448,-234.89215323831553
784,116.8305524490116,-99.92295413788958,-179.65439989541358
785,86.48050134135542,-116.22748599555746,-161.6068676856104
786,153.65434642519796,-115.15446140912681,-182.3722914719812
787,134.89195476210563,-137.86358627524976,-219.96690380558834
788,133.26971960522286,-148.2249832330187,-160.80874986993933
789,-5.517844866975548,-56.515886142557505,-89.96854346040136
790,96.54823472553666,-44.56893794152787,-61.195423285550596
791,41.62781813639273,-171.2524324910691,-108.2085644987134
792,33.6450571894107,-123.99928352034551,-68.27726257567892
793,65.9439586324147,-0.9660893194339374,-144.04309661971553
794,-17.604678274397404,-100.08327660335276,-79.40017326872831
795,-19.818598533980982,-109.87135934177873,-63.006571153588034
796,-39.123603664048254,-95.45114594609274,-44.44136977339996
797,-52.13935764913467,-3.534465984299849,-7.785742328876313
798,-8.400615048414103,-80.38414312598334,-51.507740817678126
799,-29.993791795444704,16.42362161782688,19.733477467069786
800,1.3390084813707273,21.524880728995143,12.039250786199068
801,-72.48895074693466,75.38895990261895,-0.8022925708715715
802,-60.14388767860274,21.421363702356548,-3.3359016680922844
803,-79.03489332412111,47.18454255189425,-4.432136468745879
804,-72.02707910017685,68.12382727500821,6.48135184526433
805,-107.7787210542785,120.42516667157214,5.165381117616346
806,-45.51549424570954,37.1285238883351,35.08460058585846
807,59.20895191066192,-46.39542545945988,51.84134117911819
808,22.28391501606651,110.03802035420604,-18.47131597162083
809,-0.25138369485700957,107.0777782025388,-8.90623545306631
810,-39.57857701626483,116.31002444871086,-42.648281227724894
811,23.202874896023715,139.28269047678324,-57.436501707530304
812,0.09040327781324066,138.154667592843,-88.29788420708635
813,50.601807336434796,115.85163212124108,-113.40319046524297
814,23.205815245595822,95.45142577901453,-108.64021719249399
815,40.50970874053237,73.03182956728328,-113.10625726714986
816,82.95203516131343,57.13403413922546,-103.90379134357661
817,112.13784523174846,66.29157004680208,-85.94933322543763
818,132.9464459537953,51.114208174187134,-63.700475011675465
819,135.75038869548158,30.081731283642032,-27.744344444934914
820,138.68893553258715,5.388990511151193,9.559564186258573
821,151.4848445353173,2.9026576243994193,23.81921483406372
822,122.38385518013102,13.96240632454851,-0.027339916280365237
823,145.05758369474884,-30.221271799683084,9.098732215438503
824,143.30897877459995,-2.4162148541997106,-35.1585366900475
825,146.53416571580328,11.43480890018611,-72.28539973758753
826,136.85092151301149,-5.839717360859435,-76.52439138060683
827,112.4435328659671,-40.12942336968487,-36.959788386236035
828,116.92876395569013,-91.82215786023403,-62.02641252394614
829,96.31507884185118,-100.12239837983896,-42.94936883293341
830,135.99494533232155,23.625740963404585,-14.737117463868618
831,90.36032908931827,-38.70309084015189,43.33325393764091
832,93.42568833147882,-101.38355550400274,64.63682674475857
833,54.78065571296061,-47.50640701860485,32.670424285490405
834,58.29163199721824,-89.48288527706133,11.347506918937228
835,66.7672012924347,-54.89326985205623,7.26043110777753
836,49.61529898601587,-125.71931586342126,1.4926728256752189
837,-10.991684444610554,-34.55410264718838,11.165621741310671
838,29.554195831258777,-118.66430922097341,-63.4846868086396
839,14.829238631306488,-72.19098132698727,-45.55075168348941
840,8.984560501941859,-125.59079729496209,-5.524987448883947
841,16.53076918774091,-53.124390852824824,22.59778064439076
842,52.34576530475627,-129.24259246756014,-29.76373327275748
843,-30.827971493946986,-116.65273365505142,49.92470462258578
844,17.59030676203071,-43.38677151187,59.996405579118424
845,-49.62579313983843,-102.4670476097774,87.27094105047924
846,-47.5562007255425,-88.12499872969607,37.41652507615996
847,-48.5362594602181,-94.8777993077658,-5.57595000305551
848,-14.373939365020224,-61.14762091141213,16.48450596549703
849,-91.53187071180506,-11.764165016213607,-18.241952466545573
850,-53.346453845875814,-45.66293281370369,-46.88533875418676
851,-47.18539038992177,41.60268572717044,-36.72776628870995
852,-85.79152955883433,55.83793531619343,-54.986041475451906
853,-111.4566744687293,52.66508967242872,-31.575834314595472
854,-98.74560442746241,53.875878367202304,31.50983132389604
855,-109.83627642161758,63.04363359176573,50.14575548134842
856,-41.74782319612113,30.72489902004113,96.02169132268493
857,-117.73642026865649,67.19098345199785,107.4450728879693
858,-74.64596186110147,11.00632955427698,57.813724137946956
859,-96.45289469931095,-11.334039414338664,60.52365233087864
860,-94.53960474711357,65.01392419589476,31.185521078358523
861,-85.22362351138057,6.657664976094706,10.180288689852564
862,-26.312167857724415,139.25835497128446,25.79192155772601
863,73.10196438913921,49.94760336882483,66.51718276770254
864,36.782245242207324,88.1153682377157,48.64465890625178
865,103.37293680202157,78.56681750983515,15.727435344418902
866,61.855745262089265,139.05619315942496,8.890330943271158
867,31.628746057082186,164.3199942700407,32.15242713443864
868,14.623788459853175,117.80638785199054,45.145158842561514
869,27.19666601518038,126.15706094043288,91.9286040809782
870,38.59843726952149,18.65385910767518,50.056761212484176
871,62.5278710516946,91.88700997520148,106.41387497054544
872,61.87047156235011,110.69436489031884,37.86390184732281
873,110.76101127758447,70.51208360460389,28.960751650887673
874,67.09272726480741,118.3909253070547,-4.61737085917642
875,98.21231764537659,121.97762567358028,-74.49473587181504
876,105.59888925496729,117.62183299374706,-66.32408638747333
877,139.25357163176517,88.34529878099346,-64.62352289800091
878,154.9480162736105,26.458895551524172,-6.345139737602372
879,112.65881900853078,33.4517649975268,-27.445246590540318
880,106.6723153275934,73.6689214753045,-12.516569619631735
881,94.93890037887194,42.595204130304886,39.46510104298898
882,101.25868110681563,50.859281043978,61.12972356620967
883,126.39937133307035,-9.736744819133149,25.89871825757262
884,90.10846260742667,11.66475529692567,109.73299992087955
885,95.40292629105492,5.600476285137737,78.48052349495832
886,142.9963899915096,-45.83498785710424,-35.28587504774616
887,112.15216448844117,-52.09068368787269,6.448025001537263
888,86.54279692780919,-67.43731810557055,-52.30382088531461
889,82.90340712104431,-74.83419348124231,-2.1516295145108097
890,22.38234212382248,-59.98400499694371,-12.108906315830108
891,86.95359246885536,-31.754820257920564,-53.25121364401946
892,70.75398093894701,-51.54470101160879,-114.42193252457078
893,65.9819612447896,-56.896495601753294,-117.46223580603379
894,77.4798251537598,-60.54984865212063,-73.2956622507333
895,88.97768906273001,-64.20320170248796,-29.1290886954328
896,19.0736826570268,25.0986525427373,-11.56278807436357
897,23.544368515148253,-26.61384555496208,-117.74894512214087
898,47.03854906530557,-51.9810120758264,-64.1623607936245
899,99.48214783315925,-100.16213023861616,-77.64964231775252
900,120.33126566309367,-104.386838909591,4.538654052846975
901,43.49887376381937,-122.13565482439267,-6.115950956596111
902,110.73746163203825,-111.56296402708908,0.09927411619767702
903,32.65867629901912,-98.08606423433794,6.56276639133991
904,33.81255959852581,-110.81016009056415,31.131190261320054
905,57.77371859538384,-85.5913710299467,50.049812214048764
906,18.46757593540676,-114.78291124216994,66.43687449564179
907,77.18054420409723,-98.21203474001368,33.80244314871548
908,25.10122316309239,-126.27493633844065,76.90787480425813
909,16.520406281045307,-32.45110285389665,65.41919166640982
910,-31.284407094657876,-115.6337734078032,58.60890639089512
911,-9.828430623723413,-63.10422690115796,72.71419747268097
912,-90.71268713219189,-51.19874613378558,9.88485307064044
913,-91.01339912676609,-41.91423232979841,91.50191177566457
914,-51.05911567007251,-70.46167695853917,54.49869563230272
915,-44.70022248954505,11.634828621199544,77.28351947288505
916,-48.38555265359814,24.65657027607889,72.49737825248887
917,14.181499367912298,-17.91738348047408,124.61027468225487
918,34.618575286134224,-4.851643715675954,17.03030043896375
919,-31.962322438645025,73.97631362237352,125.32466092731232
920,-22.758269624230174,-71.88729961261309,35.157252869483
921,-18.32132001884021,96.73195604991263,79.93569081961357
922,-36.361988688135845,33.2269663806922,13.864924863032828
923,1.057452911618096,133.68772280989705,31.607366674403348
924,-67.02087897978703,43.39297444707979,81.41295702612965
925,6.793698951899884,107.19872341654481,67.79407733348572
926,-37.81175217856198,133.44477134070033,106.92665100161338
927,72.06721888105757,72.65590223217845,39.9624231746531
928,65.60688572653171,4.513844190592935,95.19794603105818
929,61.29043007337743,98.04610136892232,102.72081980071856
930,86.40522592402326,3.299318736040775,68.545999580677
931,71.19540064140027,-44.28244147730053,21.31420028646663
932,94.53917386189512,26.595626415700263,116.03097738481944
933,117.97804164129013,-29.33778155141489,79.76413458607954
934,119.28145269678258,-18.68525693464648,80.68033063532843
935,127.91326465268955,-36.65136378084907,45.990719546231595
936,116.26606546484311,-26.17143076047993,24.127214885142948
937,-4.398536336391171,9.812396792692663,17.08850942723159
938,113.4235469601907,-42.009164580278615,25.44949813508137
939,124.10194096544069,-44.01694706023146,67.49709674247256
940,111.67981908835431,-86.77519350283166,53.827797963202975
941,62.749143911302305,-12.732621829207535,60.55518898456097
942,36.114686491638885,-8.0164620720108,5.973676258008774
943,94.14358682227842,-87.16811848147469,39.900654082096366
944,82.29138152069658,-99.22742558594021,59.20028045702568
945,65.2534187362176,-121.90101893918381,38.73072641454928
946,-28.006169587458455,-19.008827183911617,36.28818968233218
947,20.445298295553705,-104.40526419620944,48.30722570382583
948,30.58260016630053,-53.46903343818518,133.65740552535425
949,17.232009698450963,-56.12235073757792,179.1762957406106
950,33.40665595962011,-95.38413819461505,90.52054283389177
951,12.064527290348769,-91.25736160668797,62.232620591418986
952,100.90883589121731,73.4796514943107,-73.49516679552472
953,12.14405693581469,-29.92277736718761,29.54144642124937
954,14.993061189830495,-68.08412518709197,44.691061809491806
955,44.798941929807725,-50.48571301818706,31.421443660368567
956,3.394089339538775,-66.21284307163704,72.69061012862431
957,4.930646247960465,-9.124322189003536,105.69004437523628
958,-32.104346374022626,-10.57866006922052,46.525076380732365
959,-42.9219909451344,-16.9406209035232,109.53523348376962
960,-85.07895660837863,56.70427531253149,154.3766612045258
961,-86.9228961496873,79.99896164127372,180.42695350037272
962,-36.90347539572146,54.81712561258863,179.05562444701462
963,-26.519883695749485,53.199124230947426,141.48906548456986
964,-2.6828526325069633,78.15549316145123,132.423924870349
965,30.26933593728412,51.388111189304325,129.67585194922458
966,49.56071548374317,80.65441474069777,127.62045365726469
967,28.419602013349675,19.380815828404206,119.02570179567667
968,19.96256641348662,98.62781780560012,222.61724727305054
969,50.4068286363806,82.90470548134434,236.3425954602274
970,73.86088242937699,37.374743232942755,219.03182169280453
971,70.90303931912273,10.026456926124643,169.5799341951004
972,43.466619571902854,89.00127656813973,175.7022918992697
973,47.921563094366434,60.15323986210846,144.37050803906087
974,52.601864003050544,-32.449485446328886,99.7933062230409
975,43.143119157362165,-5.063936089324633,155.93050410505364
976,18.7380083238552,8.211711328012761,194.04293865103966
977,52.706497991811005,40.21075894827187,59.27259684452077
978,3.3526299773079957,-35.2099888048718,233.68231132182163
979,-17.83326560125003,-43.84967616253283,249.99193252477238
980,-57.13796507270954,-20.886041954116234,260.07525379594387
981,-38.95618561827852,-5.646370782519452,255.83345288900023
982,-14.20517125610588,-0.8175136270099738,177.85996566490118
983,15.285998874260878,33.361661597959795,185.75765550713865
984,-26.352413515531868,89.47146036989415,267.6438755595909
985,32.96813105012872,28.583549678815178,172.0051608612918
986,-19.71117235668845,6.30012403646529,147.11824471289108
987,-74.27879264936453,77.08401063055506,106.87315876631014
988,64.41506608516377,-28.279975683522423,159.0911127258084
989,56.822551074869885,25.716403317632455,200.58721956427962
990,80.28296343116119,-9.083808642292215,116.25585857965376
991,104.86808269934961,-64.05559612174166,69.82677119299836
992,71.26721300320672,-6.86865949082383,167.4938113617977
993,55.026832289470185,-53.31053716138989,123.96466322478103
994,47.221721307538644,-2.8104407439193513,227.31986133253386
995,50.08737521105849,-31.84275943808377,195.73682378135473
996,41.159152112252386,-43.54875717753705,210.47716991669978
997,24.946335046601515,-36.97393762222408,150.3553793516472
998,33.686319587623245,88.15082467891433,239.41252704104176
999,-9.11907381243418,-124.15191296473763,-33.395895240287125
